(i.j.k),X-axis,Y-axis,Z-axis,V.x,V.y,V.z,crease(i+1/2.j),crease(I.j+1/2),x0,y0,z0,boomFlag,alphai0,alphaj0
(0.0.0),0,0,0,0,0,0,0,0,0,0,0,1,3.141592654,3.141592654
(0.1.0),0.00E+00,5.56E-02,0,3.87E-13,9.38E-14,-9.42E-11,0,0,0.00E+00,5.56E-02,0,0,3.141592654,3.141592654
(0.2.0),0.00E+00,1.11E-01,0,2.07E-12,-1.00E-12,-6.29E-10,0,0,0.00E+00,1.11E-01,0,0,3.141592654,3.141592654
(0.3.0),0.00E+00,1.67E-01,0,3.44E-12,-1.98E-12,-1.40E-09,0,0,0.00E+00,1.67E-01,0,0,3.141592654,3.141592654
(0.4.0),0.00E+00,2.22E-01,0,3.75E-12,-2.35E-12,-2.18E-09,0,0,0.00E+00,2.22E-01,0,0,3.141592654,3.141592654
(0.5.0),0.00E+00,2.78E-01,0,3.21E-12,-2.24E-12,-2.79E-09,0,0,0.00E+00,2.78E-01,0,0,3.141592654,3.141592654
(0.6.0),0.00E+00,3.33E-01,0,2.39E-12,-1.86E-12,-3.20E-09,0,0,0.00E+00,3.33E-01,0,0,3.141592654,3.141592654
(0.7.0),0.00E+00,3.89E-01,0,1.68E-12,-1.41E-12,-3.44E-09,0,0,0.00E+00,3.89E-01,0,0,3.141592654,3.141592654
(0.8.0),0.00E+00,4.44E-01,0,1.26E-12,-9.67E-13,-3.56E-09,0,0,0.00E+00,4.44E-01,0,0,3.141592654,3.141592654
(0.9.0),0.00E+00,5.00E-01,0,1.04E-12,-4.74E-13,-3.61E-09,0,0,0.00E+00,5.00E-01,0,0,3.141592654,3.141592654
(0.10.0),0.00E+00,5.56E-01,0,9.74E-13,7.07E-16,-3.63E-09,0,0,0.00E+00,5.56E-01,0,0,3.141592654,3.141592654
(0.11.0),0.00E+00,6.11E-01,0,1.04E-12,4.93E-13,-3.61E-09,0,0,0.00E+00,6.11E-01,0,0,3.141592654,3.141592654
(0.12.0),0.00E+00,6.67E-01,0,1.26E-12,9.42E-13,-3.56E-09,0,0,0.00E+00,6.67E-01,0,0,3.141592654,3.141592654
(0.13.0),0.00E+00,7.22E-01,0,1.69E-12,1.39E-12,-3.44E-09,0,0,0.00E+00,7.22E-01,0,0,3.141592654,3.141592654
(0.14.0),0.00E+00,7.78E-01,0,2.37E-12,1.84E-12,-3.20E-09,0,0,0.00E+00,7.78E-01,0,0,3.141592654,3.141592654
(0.15.0),0.00E+00,8.33E-01,0,3.22E-12,2.27E-12,-2.79E-09,0,0,0.00E+00,8.33E-01,0,0,3.141592654,3.141592654
(0.16.0),0.00E+00,8.89E-01,0,3.75E-12,2.38E-12,-2.18E-09,0,0,0.00E+00,8.89E-01,0,0,3.141592654,3.141592654
(0.17.0),0.00E+00,9.44E-01,0,3.44E-12,1.94E-12,-1.40E-09,0,0,0.00E+00,9.44E-01,0,0,3.141592654,3.141592654
(0.18.0),0.00E+00,1.00E+00,0,2.07E-12,1.04E-12,-6.29E-10,0,0,0.00E+00,1.00E+00,0,1,3.141592654,3.141592654
(1.0.0),5.56E-02,0.00E+00,0,3.85E-13,-5.27E-14,-9.42E-11,0,0,0.055555556,0,0,0,3.141592654,3.141592654
(1.1.0),5.56E-02,5.56E-02,0,0,0,0,0,0,0.055555556,0.055555556,0,1,3.141592654,3.141592654
(1.2.0),5.56E-02,1.11E-01,0,9.14E-14,3.91E-13,-9.47E-11,0,0,0.055555556,0.111111111,0,0,3.141592654,3.141592654
(1.3.0),5.56E-02,1.67E-01,0,0,0,0,0,0,0.055555556,0.166666667,0,0,3.141592654,3.141592654
(1.4.0),5.56E-02,2.22E-01,0,4.13E-13,1.17E-13,-8.87E-11,0,0,0.055555556,0.222222222,0,0,3.141592654,3.141592654
(1.5.0),5.56E-02,2.78E-01,0,1.69E-12,-5.17E-13,-4.47E-10,0,0,0.055555556,0.277777778,0,0,3.141592654,3.141592654
(1.6.0),5.56E-02,3.33E-01,0,2.90E-12,-1.10E-12,-9.09E-10,0,0,0.055555556,0.333333333,0,0,3.141592654,3.141592654
(1.7.0),5.56E-02,3.89E-01,0,3.70E-12,-1.41E-12,-1.37E-09,0,0,0.055555556,0.388888889,0,0,3.141592654,3.141592654
(1.8.0),5.56E-02,4.44E-01,0,4.08E-12,-1.42E-12,-1.76E-09,0,0,0.055555556,0.444444444,0,0,3.141592654,3.141592654
(1.9.0),5.56E-02,5.00E-01,0,4.19E-12,-1.25E-12,-2.05E-09,0,0,0.055555556,0.5,0,0,3.141592654,3.141592654
(1.10.0),5.56E-02,5.56E-01,0,4.17E-12,-8.75E-13,-2.26E-09,0,0,0.055555556,0.555555556,0,0,3.141592654,3.141592654
(1.11.0),5.56E-02,6.11E-01,0,4.10E-12,-4.70E-13,-2.37E-09,0,0,0.055555556,0.611111111,0,0,3.141592654,3.141592654
(1.12.0),5.56E-02,6.67E-01,0,4.08E-12,-1.62E-14,-2.41E-09,0,0,0.055555556,0.666666667,0,0,3.141592654,3.141592654
(1.13.0),5.56E-02,7.22E-01,0,4.10E-12,4.80E-13,-2.37E-09,0,0,0.055555556,0.722222222,0,0,3.141592654,3.141592654
(1.14.0),5.56E-02,7.78E-01,0,4.15E-12,9.42E-13,-2.26E-09,0,0,0.055555556,0.777777778,0,0,3.141592654,3.141592654
(1.15.0),5.56E-02,8.33E-01,0,4.19E-12,1.24E-12,-2.05E-09,0,0,0.055555556,0.833333333,0,0,3.141592654,3.141592654
(1.16.0),5.56E-02,8.89E-01,0.00E+00,4.10E-12,1.41E-12,-1.76E-09,0,0,0.055555556,0.888888889,0,0,3.141592654,3.141592654
(1.17.0),0.055555556,0.944444444,0,3.71E-12,1.38E-12,-1.37E-09,0,0,0.055555556,0.944444444,0,1,3.141592654,3.141592654
(1.18.0),5.56E-02,1.00E+00,0,2.90E-12,1.16E-12,-9.09E-10,0,0,0.055555556,1,0,0,3.141592654,3.141592654
(2.0.0),0.111111111,0,0,1.68E-12,4.96E-13,-4.47E-10,0,0,0.111111111,0,0,0,3.141592654,3.141592654
(2.1.0),0.111111111,0.055555556,0,4.19E-13,-1.14E-13,-8.87E-11,0,0,0.111111111,0.055555556,0,0,3.141592654,3.141592654
(2.2.0),0.111111111,0.111111111,0,0,0,0,0,0,0.111111111,0.111111111,0,1,3.141592654,3.141592654
(2.3.0),0.111111111,0.166666667,0,9.29E-14,-3.91E-13,-9.47E-11,0,0,0.111111111,0.166666667,0,0,3.141592654,3.141592654
(2.4.0),0.111111111,2.22E-01,0,-1.03E-12,2.09E-12,-6.37E-10,0,0,0.111111111,0.222222222,0,0,3.141592654,3.141592654
(2.5.0),0.111111111,0.277777778,0,1.03E-13,4.26E-13,-9.03E-11,0,0,0.111111111,0.277777778,0,0,3.141592654,3.141592654
(2.6.0),0.111111111,0.333333333,0,0,0,0,0,0,0.111111111,0.333333333,0,0,3.141592654,3.141592654
(2.7.0),0.111111111,0.388888889,0,4.56E-13,4.92E-14,-9.66E-11,0,0,0.111111111,0.388888889,0,0,3.141592654,3.141592654
(2.8.0),0.111111111,0.444444444,0,1.45E-12,-3.32E-13,-3.56E-10,0,0,0.111111111,0.444444444,0,0,3.141592654,3.141592654
(2.9.0),0.111111111,0.5,0,2.39E-12,-6.79E-13,-6.66E-10,0,0,0.111111111,0.5,0,0,3.141592654,3.141592654
(2.10.0),0.111111111,0.555555556,0,3.11E-12,-8.56E-13,-9.66E-10,0,0,0.111111111,0.555555556,0,0,3.141592654,3.141592654
(2.11.0),0.111111111,0.611111111,0,3.58E-12,-8.14E-13,-1.22E-09,0,0,0.111111111,0.611111111,0,0,3.141592654,3.141592654
(2.12.0),0.111111111,0.666666667,0,3.83E-12,-6.31E-13,-1.41E-09,0,0,0.111111111,0.666666667,0,0,3.141592654,3.141592654
(2.13.0),0.111111111,0.722222222,0,3.97E-12,-3.50E-13,-1.52E-09,0,0,0.111111111,0.722222222,0,0,3.141592654,3.141592654
(2.14.0),0.111111111,0.777777778,0,4.01E-12,1.75E-14,-1.56E-09,0,0,0.111111111,0.777777778,0,0,3.141592654,3.141592654
(2.15.0),0.111111111,0.833333333,0,3.97E-12,3.71E-13,-1.52E-09,0,0,0.111111111,0.833333333,0,0,3.141592654,3.141592654
(2.16.0),0.111111111,0.888888889,0,3.83E-12,6.22E-13,-1.41E-09,0,0,0.111111111,0.888888889,0,1,3.141592654,3.141592654
(2.17.0),0.111111111,0.944444444,0,3.58E-12,8.29E-13,-1.22E-09,0,0,0.111111111,0.944444444,0,0,3.141592654,3.141592654
(2.18.0),0.111111111,1,0,3.11E-12,8.31E-13,-9.66E-10,0,0,0.111111111,1,0,0,3.141592654,3.141592654
(3.0.0),0.166616667,0,0,2.39E-12,7.17E-13,-6.66E-10,0,0,0.166616667,0,0,0,3.141592654,3.141592654
(3.1.0),0.166616667,0.055555556,0,1.45E-12,3.43E-13,-3.56E-10,0,0,0.166616667,0.055555556,0,0,3.141592654,3.141592654
(3.2.0),0.166616667,0.111111111,0,4.65E-13,-5.43E-14,-9.66E-11,0,0,0.166616667,0.111111111,0,0,3.141592654,3.141592654
(3.3.0),0.166616667,0.166666667,0,0,0,0,0,3,0.166616667,0.166666667,0,0,3.141592654,3.141592654
(3.4.0),0.166616667,0.222222222,0,1.10E-13,-3.98E-13,-9.03E-11,0,2,0.166616667,0.222222222,0,0,3.141592654,3.141592654
(3.5.0),0.166616667,0.277777778,0,-1.04E-12,-2.07E-12,-6.37E-10,0,2,0.166616667,0.277777778,0,0,3.141592654,3.141592654
(3.6.0),0.166616667,3.33E-01,0,-2.01E-12,3.46E-12,-1.42E-09,0,2,0.166616667,0.333333333,0,0,3.141592654,3.141592654
(3.7.0),0.166616667,0.388888889,0,-5.25E-13,1.71E-12,-4.52E-10,0,2,0.166616667,0.388888889,0,0,3.141592654,3.141592654
(3.8.0),0.166616667,0.444444444,0,4.23E-14,4.63E-13,-9.81E-11,0,2,0.166616667,0.444444444,0,0,3.141592654,3.141592654
(3.9.0),0.166616667,0.5,0,0,0,0,0,2,0.166616667,0.5,0,0,3.141592654,3.141592654
(3.10.0),0.166616667,0.555555556,0,4.59E-13,1.03E-14,-9.72E-11,0,2,0.166616667,0.555555556,0,0,3.141592654,3.141592654
(3.11.0),0.166616667,0.611111111,0,1.23E-12,-2.25E-13,-2.84E-10,0,2,0.166616667,0.611111111,0,0,3.141592654,3.141592654
(3.12.0),0.166616667,0.666666667,0,1.95E-12,-4.14E-13,-4.93E-10,0,2,0.166616667,0.666666667,0,0,3.141592654,3.141592654
(3.13.0),0.166616667,0.722222222,0,2.51E-12,-4.65E-13,-6.85E-10,0,2,0.166616667,0.722222222,0,0,3.141592654,3.141592654
(3.14.0),0.166616667,0.777777778,0,2.90E-12,-4.13E-13,-8.35E-10,0,2,0.166616667,0.777777778,0,0,3.141592654,3.141592654
(3.15.0),0.166616667,0.833333333,0,3.12E-12,-2.28E-13,-9.30E-10,0,3,0.166616667,0.833333333,0,0,3.141592654,3.141592654
(3.16.0),0.166616667,0.888888889,0,3.18E-12,5.69E-15,-9.63E-10,0,0,0.166616667,0.888888889,0,0,3.141592654,3.141592654
(3.17.0),1.67E-01,9.44E-01,0,3.12E-12,2.42E-13,-9.30E-10,0,0,0.166616667,0.944444444,0,0,3.141592654,3.141592654
(3.18.0),0.166616667,1,0,2.90E-12,4.00E-13,-8.35E-10,0,0,0.166616667,1,0,0,3.141592654,3.141592654
(4.0.0),0.166666667,0,0.00E+00,2.52E-12,4.79E-13,-6.85E-10,0,0,0.166666667,0,0,0,3.141592654,3.141592654
(4.1.0),0.166666667,0.055555556,0.00E+00,1.96E-12,4.03E-13,-4.93E-10,0,0,0.166666667,0.055555556,0,0,3.141592654,3.141592654
(4.2.0),0.166666667,0.111111111,0.00E+00,1.23E-12,1.72E-13,-2.84E-10,0,0,0.166666667,0.111111111,0,0,3.141592654,3.141592654
(4.3.0),0.166666667,0.166666667,0.00E+00,4.57E-13,4.28E-15,-9.72E-11,0,1,0.166666667,0.166666667,0,1,3.141592654,3.141592654
(4.4.0),0.166666667,0.222222222,0,0,0,0,0,1,0.166666667,0.222222222,0,0,3.141592654,3.141592654
(4.5.0),0.166666667,0.277777778,0,3.76E-14,-4.95E-13,-9.81E-11,0,1,0.166666667,0.277777778,0,0,3.141592654,3.141592654
(4.6.0),0.166666667,0.333333333,0,-5.42E-13,-1.72E-12,-4.52E-10,0,1,0.166666667,0.333333333,0,0,3.141592654,3.141592654
(4.7.0),0.166666667,0.388888889,0,-2.01E-12,-3.48E-12,-1.42E-09,0,1,0.166666667,0.388888889,0,0,3.141592654,3.141592654
(4.8.0),0.166666667,4.44E-01,0,-2.37E-12,3.75E-12,-2.19E-09,0,1,0.166666667,0.444444444,0,0,3.141592654,3.141592654
(4.9.0),0.166666667,0.5,0,-1.13E-12,2.92E-12,-9.17E-10,0,1,0.166666667,0.5,0,0,3.141592654,3.141592654
(4.10.0),0.166666667,0.555555556,0,-3.49E-13,1.46E-12,-3.60E-10,0,1,0.166666667,0.555555556,0,0,3.141592654,3.141592654
(4.11.0),0.166666667,0.611111111,0,-7.40E-15,4.58E-13,-9.85E-11,0,1,0.166666667,0.611111111,0,0,3.141592654,3.141592654
(4.12.0),0.166666667,0.666666667,0,0,0,0,0,1,0.166666667,0.666666667,0,0,3.141592654,3.141592654
(4.13.0),0.166666667,0.722222222,0,4.34E-13,-3.61E-14,-8.64E-11,0,1,0.166666667,0.722222222,0,0,3.141592654,3.141592654
(4.14.0),0.166666667,0.777777778,0,1.04E-12,-1.32E-13,-2.16E-10,0,1,0.166666667,0.777777778,0,0,3.141592654,3.141592654
(4.15.0),0.166666667,0.833333333,0,1.55E-12,-2.37E-13,-3.47E-10,0,1,0.166666667,0.833333333,0,1,3.141592654,3.141592654
(4.16.0),0.166666667,0.888888889,0,1.96E-12,-1.97E-13,-4.56E-10,0,0,0.166666667,0.888888889,0,0,3.141592654,3.141592654
(4.17.0),0.166666667,0.944444444,0,2.20E-12,-1.29E-13,-5.27E-10,0,0,0.166666667,0.944444444,0,0,3.141592654,3.141592654
(4.18.0),0.166666667,1,0,2.27E-12,-2.18E-14,-5.52E-10,0,0,0.166666667,1,0,0,3.141592654,3.141592654
(5.0.0),0.166716667,0,0,2.20E-12,1.67E-13,-5.27E-10,0,0,0.166716667,0,0,0,3.141592654,3.141592654
(5.1.0),0.166716667,0.055555556,0,1.97E-12,1.83E-13,-4.56E-10,0,0,0.166716667,0.055555556,0,0,3.141592654,3.141592654
(5.2.0),0.166716667,0.111111111,0,1.54E-12,2.30E-13,-3.47E-10,0,0,0.166716667,0.111111111,0,0,3.141592654,3.141592654
(5.3.0),0.166716667,0.166666667,0,1.04E-12,1.68E-13,-2.16E-10,0,3,0.166716667,0.166666667,0,0,3.141592654,3.141592654
(5.4.0),0.166716667,0.222222222,0,4.35E-13,3.91E-14,-8.64E-11,0,2,0.166716667,0.222222222,0,0,3.141592654,3.141592654
(5.5.0),0.166716667,0.277777778,0,0,0,0,0,2,0.166716667,0.277777778,0,0,3.141592654,3.141592654
(5.6.0),0.166716667,0.333333333,0,-3.67E-15,-4.99E-13,-9.85E-11,0,2,0.166716667,0.333333333,0,0,3.141592654,3.141592654
(5.7.0),0.166716667,0.388888889,0,-3.48E-13,-1.49E-12,-3.60E-10,0,2,0.166716667,0.388888889,0,0,3.141592654,3.141592654
(5.8.0),0.166716667,0.444444444,0,-1.13E-12,-2.95E-12,-9.17E-10,0,2,0.166716667,0.444444444,0,0,3.141592654,3.141592654
(5.9.0),0.166716667,0.5,0,-2.37E-12,-3.73E-12,-2.19E-09,0,2,0.166716667,0.5,0,0,3.141592654,3.141592654
(5.10.0),0.166716667,5.56E-01,0.00E+00,-2.24E-12,3.19E-12,-2.80E-09,0,2,0.166716667,0.555555556,0,0,3.141592654,3.141592654
(5.11.0),0.166716667,0.611111111,0.00E+00,-1.43E-12,3.72E-12,-1.38E-09,0,2,0.166716667,0.611111111,0,0,3.141592654,3.141592654
(5.12.0),0.166716667,0.666666667,0.00E+00,-7.01E-13,2.41E-12,-6.71E-10,0,2,0.166716667,0.666666667,0,0,3.141592654,3.141592654
(5.13.0),0.166716667,0.722222222,0.00E+00,-2.40E-13,1.24E-12,-2.87E-10,0,2,0.166716667,0.722222222,0,0,3.141592654,3.141592654
(5.14.0),0.166716667,0.777777778,0.00E+00,-3.06E-14,4.40E-13,-8.75E-11,0,2,0.166716667,0.777777778,0,0,3.141592654,3.141592654
(5.15.0),0.166716667,0.833333333,0,0,0,0,0,3,0.166716667,0.833333333,0,0,3.141592654,3.141592654
(5.16.0),1.67E-01,8.89E-01,0,4.13E-13,-2.70E-14,-6.97E-11,0,0,0.166716667,0.888888889,0,0,3.141592654,3.141592654
(5.17.0),0.166716667,0.944444444,0,8.13E-13,-9.73E-14,-1.50E-10,0,0,0.166716667,0.944444444,0,0,3.141592654,3.141592654
(5.18.0),0.166716667,1,0.00E+00,1.19E-12,-9.87E-14,-2.19E-10,0,0,0.166716667,1,0,0,3.141592654,3.141592654
(6.0.0),0.222222222,0,0,1.42E-12,-7.93E-14,-2.65E-10,0,0,0.222222222,0,0,0,1.570796327,1.570796327
(6.1.0),0.222222222,0.055555556,0.00E+00,1.52E-12,-1.14E-14,-2.81E-10,0,0,0.222222222,0.055555556,0,0,1.570796327,3.141592654
(6.2.0),0.222222222,0.111111111,0.00E+00,1.41E-12,5.26E-14,-2.65E-10,0,0,0.222222222,0.111111111,0,0,1.570796327,3.141592654
(6.3.0),0.222222222,0.166666667,0,1.18E-12,9.59E-14,-2.19E-10,0,0,0.222222222,0.166666667,0,0,1.570796327,3.141592654
(6.4.0),0.222222222,0.222222222,0,8.47E-13,5.85E-14,-1.50E-10,0,0,0.222222222,0.222222222,0,1,1.570796327,3.141592654
(6.5.0),0.222222222,0.277777778,0,4.06E-13,5.54E-14,-6.97E-11,0,0,0.222222222,0.277777778,0,0,1.570796327,3.141592654
(6.6.0),0.222222222,0.333333333,0,0,0,0,0,0,0.222222222,0.333333333,0,0,1.570796327,3.141592654
(6.7.0),0.222222222,0.388888889,0,-3.26E-14,-3.95E-13,-8.75E-11,0,0,0.222222222,0.388888889,0,0,1.570796327,3.141592654
(6.8.0),0.222222222,0.444444444,0,-2.26E-13,-1.24E-12,-2.87E-10,0,0,0.222222222,0.444444444,0,0,1.570796327,3.141592654
(6.9.0),0.222222222,0.5,0,-6.73E-13,-2.38E-12,-6.71E-10,0,0,0.222222222,0.5,0,0,1.570796327,3.141592654
(6.10.0),0.222222222,0.555555556,0,-1.44E-12,-3.70E-12,-1.38E-09,0,0,0.222222222,0.555555556,0,0,1.570796327,3.141592654
(6.11.0),0.222222222,0.611111111,0,-2.26E-12,-3.16E-12,-2.80E-09,0,0,0.222222222,0.611111111,0,0,1.570796327,3.141592654
(6.12.0),0.222222222,6.67E-01,0,-1.90E-12,2.34E-12,-3.21E-09,0,0,0.222222222,0.666666667,0,0,1.570796327,3.141592654
(6.13.0),0.222222222,0.722222222,0,-1.47E-12,4.09E-12,-1.77E-09,0,0,0.222222222,0.722222222,0,0,1.570796327,3.141592654
(6.14.0),0.222222222,0.777777778,0,-8.57E-13,3.12E-12,-9.72E-10,0,0,0.222222222,0.777777778,0,1,1.570796327,3.141592654
(6.15.0),0.222222222,0.833333333,0,-4.20E-13,1.97E-12,-4.97E-10,0,0,0.222222222,0.833333333,0,0,1.570796327,3.141592654
(6.16.0),0.222222222,0.888888889,0,-1.61E-13,1.03E-12,-2.18E-10,0,0,0.222222222,0.888888889,0,0,1.570796327,3.141592654
(6.17.0),0.222222222,0.944444444,0,-4.98E-14,4.14E-13,-7.07E-11,0,0,0.222222222,0.944444444,0,0,1.570796327,3.141592654
(6.18.0),2.22E-01,1,0,0,0,0,0,0,0.222222222,1,0,0,1.570796327,3.141592654
(7.0.0),0.277777778,0,0,3.65E-13,-8.41E-14,-5.71E-11,0,0,0.277777778,0,0,0,1.570796327,3.141592654
(7.1.0),0.277777778,0.055555556,0.00E+00,6.85E-13,-7.56E-14,-9.64E-11,0,0,0.277777778,0.055555556,0,0,1.570796327,3.141592654
(7.2.0),0.277777778,0.111111111,0.00E+00,8.86E-13,-2.13E-14,-1.25E-10,0,0,0.277777778,0.111111111,0,0,1.570796327,3.141592654
(7.3.0),0.277777778,0.166666667,0.00E+00,9.72E-13,3.07E-15,-1.37E-10,0,0,0.277777778,0.166666667,0,0,1.570796327,3.141592654
(7.4.0),0.277777778,0.222222222,0.00E+00,8.90E-13,5.50E-14,-1.25E-10,0,0,0.277777778,0.222222222,0,0,1.570796327,3.141592654
(7.5.0),0.277777778,0.277777778,0,6.86E-13,6.05E-14,-9.64E-11,0,0,0.277777778,0.277777778,0,1,1.570796327,3.141592654
(7.6.0),0.277777778,0.333333333,0,3.55E-13,7.90E-14,-5.71E-11,0,0,0.277777778,0.333333333,0,0,1.570796327,3.141592654
(7.7.0),0.277777778,0.388888889,0,0,0,0,0,0,0.277777778,0.388888889,0,0,1.570796327,3.141592654
(7.8.0),0.277777778,0.444444444,0,-2.48E-14,-3.82E-13,-7.07E-11,0,0,0.277777778,0.444444444,0,0,1.570796327,3.141592654
(7.9.0),0.277777778,0.5,0.00E+00,-1.85E-13,-1.05E-12,-2.18E-10,0,0,0.277777778,0.5,0,0,1.570796327,3.141592654
(7.10.0),0.277777778,0.555555556,0.00E+00,-4.08E-13,-1.97E-12,-4.97E-10,0,0,0.277777778,0.555555556,0,0,1.570796327,3.141592654
(7.11.0),0.277777778,0.611111111,0,-8.69E-13,-3.17E-12,-9.72E-10,0,0,0.277777778,0.611111111,0,0,1.570796327,1.570796327
(7.12.0),0.277777778,0.666666667,0.00E+00,-1.46E-12,-4.09E-12,-1.77E-09,0,0,0.277777778,0.666666667,0,0,3.141592654,3.141592654
(7.13.0),0.277777778,0.722222222,0.00E+00,-1.87E-12,-2.36E-12,-3.21E-09,0,0,0.277777778,0.722222222,0,1,3.141592654,3.141592654
(7.14.0),0.277777778,7.78E-01,0,-1.42E-12,1.66E-12,-3.44E-09,0,0,0.277777778,0.777777778,0,0,3.141592654,3.141592654
(7.15.0),0.277777778,8.33E-01,0,-1.24E-12,4.18E-12,-2.06E-09,0,0,0.277777778,0.833333333,0,0,3.141592654,3.141592654
(7.16.0),0.277777778,0.888888889,0,-8.25E-13,3.58E-12,-1.22E-09,0,0,0.277777778,0.888888889,0,0,3.141592654,3.141592654
(7.17.0),0.277777778,0.944444444,0.00E+00,-4.74E-13,2.53E-12,-6.89E-10,0,0,0.277777778,0.944444444,0,0,3.141592654,3.141592654
(7.18.0),0.277777778,1,0.00E+00,-2.51E-13,1.56E-12,-3.50E-10,0,0,0.277777778,1,0,0,3.141592654,1.570796327
(8.0.0),0.333283333,0,0.00E+00,-8.67E-14,8.54E-13,-1.52E-10,0,0,0.333283333,0,0,0,3.141592654,3.141592654
(8.1.0),0.333283333,0.055555556,0.00E+00,-7.83E-14,3.61E-13,-5.78E-11,0,0,0.333283333,0.055555556,0,0,3.141592654,3.141592654
(8.2.0),0.333283333,0.111111111,0,0,0,0,0,0,0.333283333,0.111111111,0,0,3.141592654,3.141592654
(8.3.0),0.333283333,0.166666667,0,3.03E-13,-8.38E-14,-3.86E-11,0,0,0.333283333,0.166666667,0,0,3.141592654,3.141592654
(8.4.0),0.333283333,0.222222222,0,3.59E-13,2.37E-14,2.78E-12,0,0,0.333283333,0.222222222,0,0,3.141592654,3.141592654
(8.5.0),0.333283333,0.277777778,0,3.68E-13,-1.64E-14,3.37E-11,0,0,0.333283333,0.277777778,0,0,3.141592654,3.141592654
(8.6.0),0.333283333,0.333333333,0,3.58E-13,5.67E-14,2.78E-12,0,3,0.333283333,0.333333333,0,0,3.141592654,3.141592654
(8.7.0),0.333283333,0.388888889,0,3.09E-13,5.06E-14,-3.86E-11,0,2,0.333283333,0.388888889,0,0,3.141592654,3.141592654
(8.8.0),0.333283333,0.444444444,0,0,0,0,0,2,0.333283333,0.444444444,0,0,3.141592654,3.141592654
(8.9.0),0.333283333,0.5,0,-8.32E-14,-3.79E-13,-5.78E-11,0,2,0.333283333,0.5,0,0,3.141592654,3.141592654
(8.10.0),0.333283333,0.555555556,0,-9.80E-14,-8.39E-13,-1.52E-10,0,2,0.333283333,0.555555556,0,0,3.141592654,3.141592654
(8.11.0),0.333283333,0.611111111,0,-2.54E-13,-1.60E-12,-3.50E-10,0,2,0.333283333,0.611111111,0,0,3.141592654,3.141592654
(8.12.0),0.333283333,0.666666667,0.00E+00,-4.74E-13,-2.50E-12,-6.89E-10,0,3,0.333283333,0.666666667,0,0,3.141592654,3.141592654
(8.13.0),0.333283333,0.722222222,0.00E+00,-8.28E-13,-3.62E-12,-1.22E-09,0,0,0.333283333,0.722222222,0,0,3.141592654,3.141592654
(8.14.0),0.333283333,0.777777778,0.00E+00,-1.24E-12,-4.16E-12,-2.06E-09,0,0,0.333283333,0.777777778,0,0,3.141592654,3.141592654
(8.15.0),0.333283333,0.833333333,0.00E+00,-1.42E-12,-1.63E-12,-3.44E-09,0,0,0.333283333,0.833333333,0,0,3.141592654,3.141592654
(8.16.0),0.333283333,8.89E-01,0,-9.66E-13,1.21E-12,-3.55E-09,0,0,0.333283333,0.888888889,0,0,3.141592654,3.141592654
(8.17.0),0.333283333,0.944444444,0,-8.99E-13,4.14E-12,-2.26E-09,0,0,0.333283333,0.944444444,0,0,3.141592654,3.141592654
(8.18.0),0.333283333,1,0,-6.35E-13,3.83E-12,-1.41E-09,0,0,0.333283333,1,0,0,3.141592654,3.141592654
(9.0.0),0.333333333,0,0,-4.12E-13,2.89E-12,-8.39E-10,0,0,0.333333333,0,0,0,3.141592654,3.141592654
(9.1.0),0.333333333,0.055555556,0,-2.42E-13,1.96E-12,-4.59E-10,0,0,0.333333333,0.055555556,0,0,3.141592654,3.141592654
(9.2.0),0.333333333,0.111111111,0,-1.24E-13,1.20E-12,-2.21E-10,0,0,0.333333333,0.111111111,0,0,3.141592654,3.141592654
(9.3.0),0.333333333,0.166666667,0,-8.66E-14,6.47E-13,-9.74E-11,0,0,0.333333333,0.166666667,0,0,3.141592654,3.141592654
(9.4.0),0.333333333,0.222222222,0,-8.58E-14,3.03E-13,-3.94E-11,0,0,0.333333333,0.222222222,0,0,3.141592654,3.141592654
(9.5.0),0.333333333,0.277777778,0,0,0,0,0,0,0.333333333,0.277777778,0,0,3.141592654,3.141592654
(9.6.0),0.333333333,0.333333333,0,3.32E-13,-9.04E-14,-8.72E-11,0,1,0.333333333,0.333333333,0,1,3.141592654,3.141592654
(9.7.0),0.333333333,0.388888889,0,4.72E-13,1.38E-14,-1.20E-10,0,1,0.333333333,0.388888889,0,0,3.141592654,3.141592654
(9.8.0),0.333333333,0.444444444,0.00E+00,3.62E-13,6.02E-14,-8.72E-11,0,1,0.333333333,0.444444444,0,0,3.141592654,3.141592654
(9.9.0),0.333333333,0.5,0.00E+00,0,0,0,0,1,0.333333333,0.5,0,0,3.141592654,3.141592654
(9.10.0),0.333333333,0.555555556,0.00E+00,-8.45E-14,-2.76E-13,-3.94E-11,0,1,0.333333333,0.555555556,0,0,3.141592654,1.570796327
(9.11.0),0.333333333,0.611111111,0.00E+00,-8.28E-14,-6.76E-13,-9.74E-11,0,1,0.333333333,0.611111111,0,0,3.141592654,3.141592654
(9.12.0),0.333333333,0.666666667,0.00E+00,-1.34E-13,-1.17E-12,-2.21E-10,0,1,0.333333333,0.666666667,0,1,3.141592654,3.141592654
(9.13.0),0.333333333,0.722222222,0,-2.44E-13,-1.96E-12,-4.59E-10,0,0,0.333333333,0.722222222,0,0,3.141592654,3.141592654
(9.14.0),3.33E-01,7.78E-01,0,-4.17E-13,-2.93E-12,-8.39E-10,0,0,0.333333333,0.777777778,0,0,3.141592654,3.141592654
(9.15.0),0.333333333,0.833333333,0,-6.42E-13,-3.84E-12,-1.41E-09,0,0,0.333333333,0.833333333,0,0,3.141592654,3.141592654
(9.16.0),0.333333333,0.888888889,0.00E+00,-8.97E-13,-4.15E-12,-2.26E-09,0,0,0.333333333,0.888888889,0,0,3.141592654,3.141592654
(9.17.0),0.333333333,0.944444444,0.00E+00,-9.62E-13,-1.21E-12,-3.55E-09,0,0,0.333333333,0.944444444,0,0,3.141592654,1.570796327
(9.18.0),0.333333333,1.00E+00,0.00E+00,-4.71E-13,9.89E-13,-3.60E-09,0,0,0.333333333,1,0,0,3.141592654,3.141592654
(10.0.0),0.333383333,0,0,-4.79E-13,4.08E-12,-2.37E-09,0,0,0.333383333,0,0,0,3.141592654,3.141592654
(10.1.0),0.333383333,0.055555556,0.00E+00,-3.49E-13,3.96E-12,-1.52E-09,0,0,0.333383333,0.055555556,0,0,3.141592654,3.141592654
(10.2.0),0.333383333,0.111111111,0.00E+00,-2.23E-13,3.12E-12,-9.33E-10,0,0,0.333383333,0.111111111,0,0,3.141592654,3.141592654
(10.3.0),0.333383333,0.166666667,0.00E+00,-1.49E-13,2.21E-12,-5.30E-10,0,0,0.333383333,0.166666667,0,0,3.141592654,3.141592654
(10.4.0),0.333383333,0.222222222,0.00E+00,-8.58E-14,1.43E-12,-2.67E-10,0,0,0.333383333,0.222222222,0,0,3.141592654,3.141592654
(10.5.0),0.333383333,0.277777778,0.00E+00,-3.92E-14,8.66E-13,-1.26E-10,0,0,0.333383333,0.277777778,0,0,3.141592654,3.141592654
(10.6.0),0.333383333,0.333333333,0.00E+00,9.22E-15,3.60E-13,1.31E-12,0,3,0.333383333,0.333333333,0,0,3.141592654,3.141592654
(10.7.0),0.333383333,0.388888889,0.00E+00,-9.63E-14,3.32E-13,-8.64E-11,0,2,0.333383333,0.388888889,0,0,3.141592654,3.141592654
(10.8.0),0.333383333,0.444444444,0.00E+00,0,0,0,0,2,0.333383333,0.444444444,0,0,3.141592654,3.141592654
(10.9.0),0.333383333,0.5,0.00E+00,8.38E-14,1.55E-15,2.53E-11,0,2,0.333383333,0.5,0,0,3.141592654,3.141592654
(10.10.0),0.333383333,0.555555556,0.00E+00,0,0,0,0,2,0.333383333,0.555555556,0,0,3.141592654,3.141592654
(10.11.0),0.333383333,0.611111111,0.00E+00,-8.58E-14,-3.74E-13,-8.64E-11,0,2,0.333383333,0.611111111,0,0,3.141592654,3.141592654
(10.12.0),0.333383333,0.666666667,0.00E+00,-1.07E-14,-3.93E-13,1.31E-12,0,3,0.333383333,0.666666667,0,0,3.141592654,3.141592654
(10.13.0),0.333383333,0.722222222,0,-3.01E-14,-9.16E-13,-1.26E-10,0,0,0.333383333,0.722222222,0,0,3.141592654,3.141592654
(10.14.0),0.333383333,0.777777778,0.00E+00,-7.81E-14,-1.42E-12,-2.67E-10,0,0,0.333383333,0.777777778,0,0,3.141592654,3.141592654
(10.15.0),0.333383333,0.833333333,0.00E+00,-1.35E-13,-2.18E-12,-5.30E-10,0,0,0.333383333,0.833333333,0,0,3.141592654,3.141592654
(10.16.0),0.333383333,0.888888889,0.00E+00,-2.44E-13,-3.12E-12,-9.33E-10,0,0,0.333383333,0.888888889,0,0,3.141592654,3.141592654
(10.17.0),0.333383333,0.944444444,0.00E+00,-3.60E-13,-3.95E-12,-1.52E-09,0,0,0.333383333,0.944444444,0,0,3.141592654,3.141592654
(10.18.0),0.333383333,1,0.00E+00,-4.76E-13,-4.06E-12,-2.37E-09,0,0,0.333383333,1,0,0,3.141592654,3.141592654
(11.0.0),0.388888889,0,0.00E+00,-4.93E-13,-1.05E-12,-3.60E-09,0,0,0.388888889,0,0,0,3.141592654,3.141592654
(11.1.0),0.388888889,5.56E-02,0.00E+00,-1.53E-14,9.36E-13,-3.61E-09,0,0,0.388888889,0.055555556,0,0,3.141592654,3.141592654
(11.2.0),0.388888889,0.111111111,0.00E+00,-1.14E-15,4.05E-12,-2.40E-09,0,0,0.388888889,0.111111111,0,0,3.141592654,3.141592654
(11.3.0),0.388888889,0.166666667,0.00E+00,4.18E-15,3.99E-12,-1.56E-09,0,0,0.388888889,0.166666667,0,0,3.141592654,3.141592654
(11.4.0),0.388888889,0.222222222,0.00E+00,-1.74E-14,3.18E-12,-9.65E-10,0,0,0.388888889,0.222222222,0,0,3.141592654,3.141592654
(11.5.0),0.388888889,0.277777778,0.00E+00,-3.50E-14,2.28E-12,-5.54E-10,0,0,0.388888889,0.277777778,0,0,3.141592654,3.141592654
(11.6.0),0.388888889,0.333333333,0.00E+00,-8.79E-15,1.51E-12,-2.83E-10,0,0,0.388888889,0.333333333,0,0,3.141592654,3.141592654
(11.7.0),0.388888889,0.388888889,0,2.42E-14,9.74E-13,-1.38E-10,0,0,0.388888889,0.388888889,0,1,3.141592654,3.141592654
(11.8.0),0.388888889,0.444444444,0.00E+00,2.94E-14,3.85E-13,3.22E-11,0,0,0.388888889,0.444444444,0,0,3.141592654,3.141592654
(11.9.0),0.388888889,0.5,0.00E+00,-2.28E-15,4.68E-13,-1.18E-10,0,0,0.388888889,0.5,0,0,3.141592654,1.570796327
(11.10.0),0.388888889,0.555555556,0.00E+00,-2.12E-14,6.62E-14,2.47E-11,0,0,0.388888889,0.555555556,0,0,3.141592654,3.141592654
(11.11.0),0.388888889,0.611111111,0,0,0,0,0,0,0.388888889,0.611111111,0,1,3.141592654,3.141592654
(11.12.0),0.388888889,0.666666667,0.00E+00,-1.92E-14,-4.71E-14,2.47E-11,0,0,0.388888889,0.666666667,0,0,3.141592654,3.141592654
(11.13.0),3.89E-01,7.22E-01,0,7.42E-16,-5.00E-13,-1.18E-10,0,0,0.388888889,0.722222222,0,0,3.141592654,3.141592654
(11.14.0),0.388888889,0.777777778,0,1.54E-14,-3.80E-13,3.22E-11,0,0,0.388888889,0.777777778,0,0,3.141592654,3.141592654
(11.15.0),0.388888889,0.833333333,0,-2.58E-14,-9.35E-13,-1.38E-10,0,0,0.388888889,0.833333333,0,0,3.141592654,3.141592654
(11.16.0),0.388888889,0.888888889,0,-1.90E-14,-1.50E-12,-2.83E-10,0,0,0.388888889,0.888888889,0,0,3.141592654,1.570796327
(11.17.0),0.388888889,0.944444444,0,-3.15E-14,-2.29E-12,-5.54E-10,0,0,0.388888889,0.944444444,0,0,3.141592654,3.141592654
(11.18.0),0.388888889,1,0.00E+00,-1.93E-14,-3.16E-12,-9.65E-10,0,0,0.388888889,1,0,0,3.141592654,3.141592654
(12.0.0),0.444444444,0,0.00E+00,-2.56E-14,-3.97E-12,-1.56E-09,0,0,0.444444444,0,0,0,3.141592654,3.141592654
(12.1.0),0.444444444,0.055555556,0.00E+00,-6.28E-15,-4.06E-12,-2.40E-09,0,0,0.444444444,0.055555556,0,0,3.141592654,3.141592654
(12.2.0),0.444444444,0.111111111,0.00E+00,-1.07E-14,-9.23E-13,-3.61E-09,0,0,0.444444444,0.111111111,0,0,3.141592654,3.141592654
(12.3.0),0.444444444,1.67E-01,0.00E+00,4.86E-13,9.95E-13,-3.60E-09,0,0,0.444444444,0.166666667,0,0,3.141592654,3.141592654
(12.4.0),0.444444444,0.222222222,0.00E+00,4.73E-13,4.08E-12,-2.37E-09,0,0,0.444444444,0.222222222,0,0,3.141592654,3.141592654
(12.5.0),0.444444444,0.277777778,0.00E+00,3.64E-13,3.96E-12,-1.52E-09,0,0,0.444444444,0.277777778,0,0,3.141592654,3.141592654
(12.6.0),0.444444444,0.333333333,0.00E+00,2.06E-13,3.11E-12,-9.32E-10,0,0,0.444444444,0.333333333,0,0,3.141592654,3.141592654
(12.7.0),0.444444444,0.388888889,0,1.54E-13,2.20E-12,-5.29E-10,0,0,0.444444444,0.388888889,0,0,3.141592654,3.141592654
(12.8.0),0.444444444,0.444444444,0,5.27E-14,1.41E-12,-2.66E-10,0,0,0.444444444,0.444444444,0,1,3.141592654,3.141592654
(12.9.0),0.444444444,0.5,0,4.01E-14,8.67E-13,-1.25E-10,0,0,0.444444444,0.5,0,0,3.141592654,3.141592654
(12.10.0),0.444444444,0.555555556,0,-3.61E-14,3.58E-13,2.67E-12,0,0,0.444444444,0.555555556,0,1,3.141592654,3.141592654
(12.11.0),0.444444444,0.611111111,0,5.24E-14,3.31E-13,-8.61E-11,0,0,0.444444444,0.611111111,0,0,3.141592654,3.141592654
(12.12.0),0.444444444,0.666666667,0,0,0,0,0,0,0.444444444,0.666666667,0,0,3.141592654,3.141592654
(12.13.0),0.444444444,0.722222222,0.00E+00,-5.45E-14,1.41E-15,2.41E-11,0,0,0.444444444,0.722222222,0,0,3.141592654,3.141592654
(12.14.0),0.444444444,0.777777778,0,0,0,0,0,0,0.444444444,0.777777778,0,0,3.141592654,3.141592654
(12.15.0),0.444444444,0.833333333,0,7.54E-14,-3.46E-13,-8.61E-11,0,0,0.444444444,0.833333333,0,0,3.141592654,3.141592654
(12.16.0),0.444444444,0.888888889,0,-5.44E-14,-3.85E-13,2.67E-12,0,0,0.444444444,0.888888889,0,0,3.141592654,3.141592654
(12.17.0),0.444444444,0.944444444,0,4.76E-14,-8.43E-13,-1.25E-10,0,0,0.444444444,0.944444444,0,0,3.141592654,3.141592654
(12.18.0),0.444444444,1,0,5.56E-14,-1.40E-12,-2.66E-10,0,0,0.444444444,1,0,0,3.141592654,3.141592654
(13.0.0),0.49995,0,0,1.62E-13,-2.18E-12,-5.29E-10,0,0,0.49995,0,0,0,3.141592654,3.141592654
(13.1.0),0.49995,0.055555556,0,1.82E-13,-3.15E-12,-9.32E-10,0,0,0.49995,0.055555556,0,0,3.141592654,3.141592654
(13.2.0),0.49995,0.111111111,0.00E+00,3.58E-13,-3.93E-12,-1.52E-09,0,0,0.49995,0.111111111,0,0,3.141592654,3.141592654
(13.3.0),0.49995,0.166666667,0.00E+00,3.97E-13,-4.06E-12,-2.37E-09,0,0,0.49995,0.166666667,0,0,3.141592654,3.141592654
(13.4.0),0.49995,0.222222222,0.00E+00,4.97E-13,-9.97E-13,-3.60E-09,0,0,0.49995,0.222222222,0,0,3.141592654,3.141592654
(13.5.0),0.49995,2.78E-01,0.00E+00,9.43E-13,1.21E-12,-3.55E-09,0,0,0.49995,0.277777778,0,0,3.141592654,3.141592654
(13.6.0),0.49995,0.333333333,0.00E+00,8.33E-13,4.13E-12,-2.25E-09,0,0,0.49995,0.333333333,0,0,3.141592654,3.141592654
(13.7.0),0.49995,0.388888889,0.00E+00,6.08E-13,3.83E-12,-1.41E-09,0,0,0.49995,0.388888889,0,0,3.141592654,3.141592654
(13.8.0),0.49995,0.444444444,0.00E+00,3.91E-13,2.89E-12,-8.36E-10,0,0,0.49995,0.444444444,0,0,3.141592654,1.570796327
(13.9.0),0.49995,0.5,0.00E+00,1.73E-13,1.95E-12,-4.57E-10,0,3,0.49995,0.5,0,0,3.141592654,3.141592654
(13.10.0),0.49995,0.555555556,0,6.29E-14,1.20E-12,-2.19E-10,0,0,0.49995,0.555555556,0,0,3.141592654,3.141592654
(13.11.0),0.49995,0.611111111,0,6.21E-14,6.57E-13,-9.59E-11,0,0,0.49995,0.611111111,0,0,3.141592654,3.141592654
(13.12.0),5.00E-01,6.67E-01,0,5.91E-14,3.11E-13,-3.76E-11,0,0,0.49995,0.666666667,0,0,3.141592654,3.141592654
(13.13.0),0.49995,0.722222222,0,0,0,0,0,0,0.49995,0.722222222,0,0,3.141592654,3.141592654
(13.14.0),0.49995,0.777777778,0,-3.67E-13,-7.99E-14,-8.53E-11,0,0,0.49995,0.777777778,0,0,3.141592654,3.141592654
(13.15.0),0.49995,0.833333333,0,-4.98E-13,2.35E-15,-1.17E-10,0,0,0.49995,0.833333333,0,0,3.141592654,1.570796327
(13.16.0),0.49995,0.888888889,0,-3.62E-13,9.04E-14,-8.53E-11,0,0,0.49995,0.888888889,0,0,3.141592654,3.141592654
(13.17.0),0.49995,0.944444444,0.00E+00,0,0,0,0,0,0.49995,0.944444444,0,0,3.141592654,3.141592654
(13.18.0),0.49995,1,0.00E+00,7.00E-14,-3.25E-13,-3.76E-11,0,0,0.49995,1,0,0,3.141592654,3.141592654
(14.0.0),0.5,0,0,7.38E-14,-6.34E-13,-9.59E-11,0,0,0.5,0,0,0,4.71238898,4.71238898
(14.1.0),0.5,0.055555556,0.00E+00,1.07E-13,-1.16E-12,-2.19E-10,0,0,0.5,0.055555556,0,0,4.71238898,3.141592654
(14.2.0),0.5,0.111111111,0.00E+00,2.34E-13,-1.95E-12,-4.57E-10,0,0,0.5,0.111111111,0,0,4.71238898,3.141592654
(14.3.0),0.5,0.166666667,0.00E+00,3.83E-13,-2.93E-12,-8.36E-10,0,0,0.5,0.166666667,0,0,4.71238898,3.141592654
(14.4.0),0.5,0.222222222,0.00E+00,6.23E-13,-3.83E-12,-1.41E-09,0,0,0.5,0.222222222,0,0,4.71238898,3.141592654
(14.5.0),0.5,0.277777778,0.00E+00,8.78E-13,-4.15E-12,-2.25E-09,0,0,0.5,0.277777778,0,0,4.71238898,3.141592654
(14.6.0),0.5,0.333333333,0,9.44E-13,-1.19E-12,-3.55E-09,0,0,0.5,0.333333333,0,0,4.71238898,3.141592654
(14.7.0),0.5,3.89E-01,0,1.39E-12,1.66E-12,-3.43E-09,0,0,0.5,0.388888889,0,0,4.71238898,3.141592654
(14.8.0),0.5,0.444444444,0,1.19E-12,4.15E-12,-2.05E-09,0,0,0.5,0.444444444,0,0,4.71238898,3.141592654
(14.9.0),0.5,0.5,0,8.26E-13,3.56E-12,-1.22E-09,0,0,0.5,0.5,0,1,4.71238898,3.141592654
(14.10.0),0.5,0.555555556,0,4.77E-13,2.51E-12,-6.85E-10,0,0,0.5,0.555555556,0,0,4.71238898,3.141592654
(14.11.0),0.5,0.611111111,0,1.89E-13,1.55E-12,-3.47E-10,0,0,0.5,0.611111111,0,0,4.71238898,3.141592654
(14.12.0),0.5,0.666666667,0,5.54E-14,8.28E-13,-1.49E-10,0,0,0.5,0.666666667,0,0,4.71238898,3.141592654
(14.13.0),0.5,0.722222222,0,6.68E-14,3.63E-13,-5.63E-11,0,0,0.5,0.722222222,0,0,4.71238898,3.141592654
(14.14.0),5.00E-01,0.777777778,0,0,0,0,0,0,0.5,0.777777778,0,0,4.71238898,3.141592654
(14.15.0),0.5,0.833333333,0,-2.85E-13,-7.33E-14,-3.83E-11,0,0,0.5,0.833333333,0,0,4.71238898,3.141592654
(14.16.0),0.5,0.888888889,0,-3.88E-13,-1.61E-14,1.19E-12,0,0,0.5,0.888888889,0,0,4.71238898,3.141592654
(14.17.0),0.5,0.944444444,0,-3.92E-13,2.42E-14,3.07E-11,0,0,0.5,0.944444444,0,0,4.71238898,3.141592654
(14.18.0),0.5,1,0,-3.84E-13,-4.88E-15,1.19E-12,0,0,0.5,1,0,0,4.71238898,3.141592654
(15.0.0),0.50005,0,0.00E+00,-2.91E-13,5.07E-14,-3.83E-11,0,0,0.50005,0,0,0,4.71238898,3.141592654
(15.1.0),0.50005,0.055555556,0.00E+00,0,0,0,0,0,0.50005,0.055555556,0,0,4.71238898,3.141592654
(15.2.0),0.50005,0.111111111,0.00E+00,4.29E-14,-3.80E-13,-5.63E-11,0,0,0.50005,0.111111111,0,0,4.71238898,3.141592654
(15.3.0),0.50005,0.166666667,0.00E+00,5.71E-14,-8.46E-13,-1.49E-10,0,0,0.50005,0.166666667,0,0,4.71238898,4.71238898
(15.4.0),0.50005,0.222222222,0.00E+00,2.11E-13,-1.60E-12,-3.47E-10,0,0,0.50005,0.222222222,0,0,3.141592654,3.141592654
(15.5.0),0.50005,0.277777778,0.00E+00,4.71E-13,-2.50E-12,-6.85E-10,0,0,0.50005,0.277777778,0,0,3.141592654,3.141592654
(15.6.0),0.50005,0.333333333,0.00E+00,8.12E-13,-3.56E-12,-1.22E-09,0,0,0.50005,0.333333333,0,0,3.141592654,3.141592654
(15.7.0),0.50005,0.388888889,0.00E+00,1.27E-12,-4.17E-12,-2.05E-09,0,0,0.50005,0.388888889,0,0,3.141592654,1.570796327
(15.8.0),0.50005,0.444444444,0.00E+00,1.39E-12,-1.61E-12,-3.43E-09,0,0,0.50005,0.444444444,0,0,3.141592654,3.141592654
(15.9.0),0.50005,5.00E-01,0,1.83E-12,2.35E-12,-3.20E-09,0,3,0.50005,0.5,0,0,3.141592654,3.141592654
(15.10.0),0.50005,0.555555556,0,1.41E-12,4.06E-12,-1.76E-09,0,0,0.50005,0.555555556,0,0,3.141592654,3.141592654
(15.11.0),0.50005,6.11E-01,0,8.38E-13,3.10E-12,-9.65E-10,0,0,0.50005,0.611111111,0,0,3.141592654,3.141592654
(15.12.0),0.50005,0.666666667,0,3.98E-13,1.95E-12,-4.92E-10,0,0,0.50005,0.666666667,0,0,3.141592654,3.141592654
(15.13.0),0.50005,0.722222222,0,1.72E-13,1.03E-12,-2.15E-10,0,0,0.50005,0.722222222,0,0,3.141592654,3.141592654
(15.14.0),0.50005,0.777777778,0,6.63E-14,3.75E-13,-6.93E-11,0,0,0.50005,0.777777778,0,0,3.141592654,1.570796327
(15.15.0),0.50005,0.833333333,0,0,0,0,0,0,0.50005,0.833333333,0,0,3.141592654,3.141592654
(15.16.0),0.50005,0.888888889,0,-3.92E-13,-5.85E-14,-5.70E-11,0,0,0.50005,0.888888889,0,0,3.141592654,3.141592654
(15.17.0),0.50005,0.944444444,0.00E+00,-6.26E-13,-7.83E-14,-9.69E-11,0,0,0.50005,0.944444444,0,0,3.141592654,3.141592654
(15.18.0),0.50005,1,0.00E+00,-8.36E-13,-2.54E-14,-1.26E-10,0,0,0.50005,1,0,0,3.141592654,4.71238898
(16.0.0),0.555555556,0,0.00E+00,-9.45E-13,-3.76E-15,-1.38E-10,0,0,0.555555556,0,0,0,3.141592654,3.141592654
(16.1.0),0.555555556,0.055555556,0.00E+00,-8.92E-13,6.02E-14,-1.26E-10,0,0,0.555555556,0.055555556,0,0,3.141592654,3.141592654
(16.2.0),0.555555556,0.111111111,0,-6.78E-13,5.80E-14,-9.69E-11,0,0,0.555555556,0.111111111,0,0,3.141592654,3.141592654
(16.3.0),0.555555556,0.166666667,0,-3.93E-13,5.23E-14,-5.70E-11,0,0,0.555555556,0.166666667,0,0,3.141592654,3.141592654
(16.4.0),0.555555556,0.222222222,0.00E+00,0,0,0,0,0,0.555555556,0.222222222,0,0,3.141592654,3.141592654
(16.5.0),0.555555556,0.277777778,0.00E+00,6.65E-14,-3.83E-13,-6.93E-11,0,0,0.555555556,0.277777778,0,0,3.141592654,3.141592654
(16.6.0),0.555555556,0.333333333,0.00E+00,1.76E-13,-1.05E-12,-2.15E-10,0,0,0.555555556,0.333333333,0,0,3.141592654,3.141592654
(16.7.0),0.555555556,0.388888889,0.00E+00,3.85E-13,-1.94E-12,-4.92E-10,0,0,0.555555556,0.388888889,0,0,3.141592654,3.141592654
(16.8.0),0.555555556,0.444444444,0.00E+00,8.23E-13,-3.07E-12,-9.65E-10,0,0,0.555555556,0.444444444,0,1,3.141592654,3.141592654
(16.9.0),0.555555556,0.5,0.00E+00,1.41E-12,-4.06E-12,-1.76E-09,0,0,0.555555556,0.5,0,0,3.141592654,3.141592654
(16.10.0),0.555555556,0.555555556,0.00E+00,1.83E-12,-2.35E-12,-3.20E-09,0,0,0.555555556,0.555555556,0,1,3.141592654,3.141592654
(16.11.0),0.555555556,6.11E-01,0,2.27E-12,3.17E-12,-2.79E-09,0,0,0.555555556,0.611111111,0,0,3.141592654,3.141592654
(16.12.0),0.555555556,0.666666667,0,1.40E-12,3.69E-12,-1.37E-09,0,0,0.555555556,0.666666667,0,0,3.141592654,3.141592654
(16.13.0),0.555555556,0.722222222,0,6.89E-13,2.40E-12,-6.65E-10,0,0,0.555555556,0.722222222,0,0,3.141592654,3.141592654
(16.14.0),0.555555556,0.777777778,0,1.86E-13,1.23E-12,-2.84E-10,0,0,0.555555556,0.777777778,0,0,3.141592654,3.141592654
(16.15.0),0.555555556,0.833333333,0,4.52E-14,4.32E-13,-8.60E-11,0,0,0.555555556,0.833333333,0,0,3.141592654,3.141592654
(16.16.0),0.555555556,0.888888889,0,0,0,0,0,0,0.555555556,0.888888889,0,0,3.141592654,3.141592654
(16.17.0),0.555555556,0.944444444,0,-3.85E-13,-3.98E-14,-7.03E-11,0,0,0.555555556,0.944444444,0,0,3.141592654,3.141592654
(16.18.0),0.555555556,1,0,-8.36E-13,-9.83E-14,-1.51E-10,0,0,0.555555556,1,0,0,3.141592654,3.141592654
(17.0.0),0.611111111,0,0.00E+00,-1.18E-12,-9.94E-14,-2.21E-10,0,0,0.611111111,0,0,0,3.141592654,3.141592654
(17.1.0),0.611111111,0.055555556,0.00E+00,-1.40E-12,-8.32E-14,-2.68E-10,0,0,0.611111111,0.055555556,0,0,3.141592654,3.141592654
(17.2.0),0.611111111,0.111111111,0.00E+00,-1.48E-12,-1.73E-14,-2.84E-10,0,0,0.611111111,0.111111111,0,0,3.141592654,4.71238898
(17.3.0),0.611111111,0.166666667,0.00E+00,-1.42E-12,5.24E-14,-2.68E-10,0,0,0.611111111,0.166666667,0,0,3.141592654,3.141592654
(17.4.0),0.611111111,0.222222222,0.00E+00,-1.20E-12,1.69E-13,-2.21E-10,0,0,0.611111111,0.222222222,0,0,3.141592654,3.141592654
(17.5.0),0.611111111,0.277777778,0.00E+00,-8.31E-13,5.48E-14,-1.51E-10,0,0,0.611111111,0.277777778,0,0,3.141592654,3.141592654
(17.6.0),0.611111111,0.333333333,0.00E+00,-3.88E-13,5.55E-14,-7.03E-11,0,0,0.611111111,0.333333333,0,0,3.141592654,1.570796327
(17.7.0),0.611111111,0.388888889,0.00E+00,0,0,0,0,0,0.611111111,0.388888889,0,1,3.141592654,3.141592654
(17.8.0),0.611111111,0.444444444,0,4.76E-14,-4.33E-13,-8.60E-11,0,0,0.611111111,0.444444444,0,0,3.141592654,3.141592654
(17.9.0),0.611111111,0.5,0,2.42E-13,-1.27E-12,-2.84E-10,0,0,0.611111111,0.5,0,0,3.141592654,3.141592654
(17.10.0),6.11E-01,5.56E-01,0,6.14E-13,-2.39E-12,-6.65E-10,0,0,0.611111111,0.555555556,0,0,3.141592654,3.141592654
(17.11.0),0.611111111,0.611111111,0,1.39E-12,-3.71E-12,-1.37E-09,0,0,0.611111111,0.611111111,0,1,3.141592654,3.141592654
(17.12.0),0.611111111,0.666666667,0,2.27E-12,-3.16E-12,-2.79E-09,0,0,0.611111111,0.666666667,0,0,3.141592654,3.141592654
(17.13.0),0.611111111,7.22E-01,0,2.38E-12,3.73E-12,-2.17E-09,0,0,0.611111111,0.722222222,0,0,3.141592654,1.570796327
(17.14.0),0.611111111,0.777777778,0,1.11E-12,2.88E-12,-9.08E-10,0,0,0.611111111,0.777777778,0,0,3.141592654,3.141592654
(17.15.0),0.611111111,0.833333333,0.00E+00,2.81E-13,1.45E-12,-3.56E-10,0,0,0.611111111,0.833333333,0,0,3.141592654,3.141592654
(17.16.0),0.611111111,0.888888889,0.00E+00,-2.84E-15,4.63E-13,-9.69E-11,0,0,0.611111111,0.888888889,0,0,3.141592654,3.141592654
(17.17.0),0.611111111,0.944444444,0.00E+00,0,0,0,0,0,0.611111111,0.944444444,0,0,3.141592654,4.71238898
(17.18.0),0.611111111,1,0.00E+00,-3.95E-13,-2.13E-14,-8.72E-11,0,0,0.611111111,1,0,0,3.141592654,3.141592654
(18.0.0),0.666616667,0,0,-1.01E-12,-1.50E-13,-2.18E-10,0,0,0.666616667,0,0,0,3.141592654,3.141592654
(18.1.0),0.666616667,0.055555556,0.00E+00,-1.58E-12,-2.52E-13,-3.50E-10,0,0,0.666616667,0.055555556,0,0,3.141592654,3.141592654
(18.2.0),0.666616667,0.111111111,0.00E+00,-1.95E-12,-2.21E-13,-4.60E-10,0,0,0.666616667,0.111111111,0,0,3.141592654,3.141592654
(18.3.0),0.666616667,0.166666667,0.00E+00,-2.17E-12,-1.28E-13,-5.31E-10,0,0,0.666616667,0.166666667,0,0,3.141592654,3.141592654
(18.4.0),0.666616667,0.222222222,0,-2.27E-12,-2.31E-14,-5.56E-10,0,0,0.666616667,0.222222222,0,0,3.141592654,3.141592654
(18.5.0),0.666616667,0.277777778,0,-2.18E-12,1.67E-13,-5.31E-10,0,0,0.666616667,0.277777778,0,0,3.141592654,3.141592654
(18.6.0),0.666616667,0.333333333,0,-1.94E-12,2.21E-13,-4.60E-10,0,3,0.666616667,0.333333333,0,0,3.141592654,3.141592654
(18.7.0),0.666616667,0.388888889,0,-1.60E-12,2.63E-13,-3.50E-10,0,2,0.666616667,0.388888889,0,0,3.141592654,3.141592654
(18.8.0),0.666616667,0.444444444,0,-1.03E-12,1.59E-13,-2.18E-10,0,2,0.666616667,0.444444444,0,0,3.141592654,3.141592654
(18.9.0),0.666616667,0.5,0,-4.11E-13,4.12E-14,-8.72E-11,0,2,0.666616667,0.5,0,0,3.141592654,3.141592654
(18.10.0),0.666616667,0.555555556,0,0,0,0,0,2,0.666616667,0.555555556,0,0,3.141592654,3.141592654
(18.11.0),0.666616667,0.611111111,0,-3.81E-14,-4.89E-13,-9.69E-11,0,2,0.666616667,0.611111111,0,0,3.141592654,3.141592654
(18.12.0),0.666616667,0.666666667,0,3.41E-13,-1.48E-12,-3.56E-10,0,3,0.666616667,0.666666667,0,0,3.141592654,3.141592654
(18.13.0),0.666616667,0.722222222,0,1.06E-12,-2.84E-12,-9.08E-10,0,0,0.666616667,0.722222222,0,0,3.141592654,3.141592654
(18.14.0),0.666616667,0.777777778,0,2.38E-12,-3.72E-12,-2.17E-09,0,0,0.666616667,0.777777778,0,0,3.141592654,3.141592654
(18.15.0),0.666616667,8.33E-01,0.00E+00,1.94E-12,3.43E-12,-1.40E-09,0,0,0.666616667,0.833333333,0,0,3.141592654,3.141592654
(18.16.0),0.666616667,0.888888889,0.00E+00,5.05E-13,1.68E-12,-4.46E-10,0,0,0.666616667,0.888888889,0,0,3.141592654,3.141592654
(18.17.0),0.666616667,0.944444444,0.00E+00,-4.67E-14,4.54E-13,-9.64E-11,0,0,0.666616667,0.944444444,0,0,3.141592654,3.141592654
(18.18.0),0.666616667,1,0,0,0,0,0,0,0.666616667,1,0,0,3.141592654,3.141592654
(19.0.0),0.666666667,0,0.00E+00,-4.99E-13,-3.15E-15,-9.82E-11,0,0,0.666666667,0,0,0,3.141592654,3.141592654
(19.1.0),0.666666667,0.055555556,0.00E+00,-1.27E-12,-2.27E-13,-2.87E-10,0,0,0.666666667,0.055555556,0,0,3.141592654,4.71238898
(19.2.0),0.666666667,0.111111111,0.00E+00,-1.95E-12,-4.18E-13,-4.96E-10,0,0,0.666666667,0.111111111,0,0,3.141592654,3.141592654
(19.3.0),0.666666667,0.166666667,0,-2.51E-12,-4.72E-13,-6.89E-10,0,0,0.666666667,0.166666667,0,0,3.141592654,3.141592654
(19.4.0),0.666666667,0.222222222,0.00E+00,-2.92E-12,-4.20E-13,-8.40E-10,0,0,0.666666667,0.222222222,0,0,3.141592654,3.141592654
(19.5.0),0.666666667,0.277777778,0.00E+00,-3.16E-12,-2.13E-13,-9.35E-10,0,0,0.666666667,0.277777778,0,0,3.141592654,1.570796327
(19.6.0),0.666666667,0.333333333,0.00E+00,-3.17E-12,-7.87E-17,-9.67E-10,0,1,0.666666667,0.333333333,0,1,3.141592654,3.141592654
(19.7.0),0.666666667,0.388888889,0,-3.06E-12,2.16E-13,-9.35E-10,0,1,0.666666667,0.388888889,0,0,3.141592654,3.141592654
(19.8.0),0.666666667,0.444444444,0,-2.90E-12,3.81E-13,-8.40E-10,0,1,0.666666667,0.444444444,0,0,3.141592654,3.141592654
(19.9.0),6.67E-01,5.00E-01,0,-2.51E-12,4.85E-13,-6.89E-10,0,1,0.666666667,0.5,0,0,3.141592654,3.141592654
(19.10.0),0.666666667,0.555555556,0,-1.95E-12,3.86E-13,-4.96E-10,0,1,0.666666667,0.555555556,0,0,3.141592654,3.141592654
(19.11.0),0.666666667,0.611111111,0,-1.28E-12,2.50E-13,-2.87E-10,0,1,0.666666667,0.611111111,0,0,3.141592654,3.141592654
(19.12.0),0.666666667,0.666666667,0,-5.04E-13,2.05E-14,-9.82E-11,0,1,0.666666667,0.666666667,0,1,3.141592654,1.570796327
(19.13.0),0.666666667,0.722222222,0,0,0,0,0,0,0.666666667,0.722222222,0,0,3.141592654,3.141592654
(19.14.0),0.666666667,0.777777778,0.00E+00,-5.98E-14,-4.83E-13,-9.64E-11,0,0,0.666666667,0.777777778,0,0,3.141592654,3.141592654
(19.15.0),0.666666667,0.833333333,0.00E+00,5.19E-13,-1.70E-12,-4.46E-10,0,0,0.666666667,0.833333333,0,0,3.141592654,3.141592654
(19.16.0),0.666666667,0.888888889,0.00E+00,1.94E-12,-3.39E-12,-1.40E-09,0,0,0.666666667,0.888888889,0,0,3.141592654,4.71238898
(19.17.0),0.666666667,9.44E-01,0.00E+00,1.05E-12,2.07E-12,-6.29E-10,0,0,0.666666667,0.944444444,0,0,3.141592654,3.141592654
(19.18.0),0.666666667,1,0.00E+00,-1.47E-13,4.16E-13,-8.87E-11,0,0,0.666666667,1,0,0,3.141592654,3.141592654
(20.0.0),0.666716667,0,0.00E+00,0,0,0,0,0,0.666716667,0,0,0,3.141592654,3.141592654
(20.1.0),0.666716667,0.055555556,0.00E+00,-5.00E-13,4.50E-14,-9.79E-11,0,0,0.666716667,0.055555556,0,0,3.141592654,3.141592654
(20.2.0),0.666716667,0.111111111,0.00E+00,-1.48E-12,-3.54E-13,-3.60E-10,0,0,0.666716667,0.111111111,0,0,3.141592654,3.141592654
(20.3.0),0.666716667,0.166666667,0.00E+00,-2.39E-12,-6.84E-13,-6.70E-10,0,0,0.666716667,0.166666667,0,0,3.141592654,3.141592654
(20.4.0),0.666716667,0.222222222,0.00E+00,-3.15E-12,-8.64E-13,-9.71E-10,0,0,0.666716667,0.222222222,0,0,3.141592654,3.141592654
(20.5.0),0.666716667,0.277777778,0.00E+00,-3.59E-12,-8.04E-13,-1.22E-09,0,0,0.666716667,0.277777778,0,0,3.141592654,3.141592654
(20.6.0),0.666716667,0.333333333,0.00E+00,-3.84E-12,-6.31E-13,-1.41E-09,0,3,0.666716667,0.333333333,0,0,3.141592654,3.141592654
(20.7.0),0.666716667,0.388888889,0,-3.93E-12,-3.40E-13,-1.52E-09,0,2,0.666716667,0.388888889,0,0,3.141592654,3.141592654
(20.8.0),0.666716667,0.444444444,0,-3.94E-12,7.03E-15,-1.56E-09,0,2,0.666716667,0.444444444,0,0,3.141592654,3.141592654
(20.9.0),0.666716667,0.5,0,-3.95E-12,3.85E-13,-1.52E-09,0,2,0.666716667,0.5,0,0,3.141592654,3.141592654
(20.10.0),0.666716667,0.555555556,0.00E+00,-3.81E-12,6.08E-13,-1.41E-09,0,2,0.666716667,0.555555556,0,0,3.141592654,3.141592654
(20.11.0),0.666716667,0.611111111,0.00E+00,-3.58E-12,8.32E-13,-1.22E-09,0,2,0.666716667,0.611111111,0,0,3.141592654,3.141592654
(20.12.0),0.666716667,0.666666667,0.00E+00,-3.15E-12,8.68E-13,-9.71E-10,0,3,0.666716667,0.666666667,0,0,3.141592654,3.141592654
(20.13.0),0.666716667,0.722222222,0.00E+00,-2.39E-12,7.23E-13,-6.70E-10,0,0,0.666716667,0.722222222,0,0,3.141592654,3.141592654
(20.14.0),0.666716667,0.777777778,0.00E+00,-1.49E-12,3.51E-13,-3.60E-10,0,0,0.666716667,0.777777778,0,0,3.141592654,3.141592654
(20.15.0),0.666716667,0.833333333,0.00E+00,-4.48E-13,-6.11E-14,-9.79E-11,0,0,0.666716667,0.833333333,0,0,3.141592654,3.141592654
(20.16.0),0.666716667,0.888888889,0.00E+00,0,0,0,0,0,0.666716667,0.888888889,0,0,3.141592654,3.141592654
(20.17.0),0.666716667,0.944444444,0.00E+00,-9.23E-14,-3.93E-13,-8.87E-11,0,0,0.666716667,0.944444444,0,0,3.141592654,3.141592654
(20.18.0),0.666716667,1,0,1.02E-12,-2.06E-12,-6.29E-10,0,0,0.666716667,1,0,0,3.141592654,3.141592654
(21.0.0),0.722222222,0.00E+00,0,-6.40E-14,3.88E-13,-9.45E-11,0,0,0.722222222,0,0,0,3.141592654,4.71238898
(21.1.0),0.722222222,0.055555556,0,0,0,0,0,0,0.722222222,0.055555556,0,0,3.141592654,3.141592654
(21.2.0),0.722222222,0.111111111,0,-4.12E-13,8.94E-14,-9.04E-11,0,0,0.722222222,0.111111111,0,0,3.141592654,3.141592654
(21.3.0),0.722222222,0.166666667,0.00E+00,-1.71E-12,-5.42E-13,-4.52E-10,0,0,0.722222222,0.166666667,0,0,3.141592654,3.141592654
(21.4.0),0.722222222,0.222222222,0.00E+00,-2.93E-12,-1.12E-12,-9.16E-10,0,0,0.722222222,0.222222222,0,0,3.141592654,1.570796327
(21.5.0),0.722222222,0.277777778,0.00E+00,-3.70E-12,-1.45E-12,-1.38E-09,0,0,0.722222222,0.277777778,0,1,3.141592654,3.141592654
(21.6.0),0.722222222,0.333333333,0,-4.04E-12,-1.47E-12,-1.76E-09,0,0,0.722222222,0.333333333,0,0,3.141592654,3.141592654
(21.7.0),0.722222222,0.388888889,0,-4.15E-12,-1.24E-12,-2.06E-09,0,0,0.722222222,0.388888889,0,0,3.141592654,3.141592654
(21.8.0),7.22E-01,4.44E-01,0,-4.07E-12,-8.81E-13,-2.25E-09,0,0,0.722222222,0.444444444,0,0,3.141592654,3.141592654
(21.9.0),0.722222222,0.5,0,-4.06E-12,-4.72E-13,-2.36E-09,0,0,0.722222222,0.5,0,0,3.141592654,3.141592654
(21.10.0),0.722222222,0.555555556,0,-4.04E-12,2.53E-14,-2.40E-09,0,0,0.722222222,0.555555556,0,0,3.141592654,3.141592654
(21.11.0),0.722222222,0.611111111,0,-4.04E-12,4.83E-13,-2.36E-09,0,0,0.722222222,0.611111111,0,0,3.141592654,1.570796327
(21.12.0),0.722222222,0.666666667,0,-4.07E-12,9.06E-13,-2.25E-09,0,0,0.722222222,0.666666667,0,0,3.141592654,3.141592654
(21.13.0),0.722222222,0.722222222,0.00E+00,-4.17E-12,1.26E-12,-2.06E-09,0,0,0.722222222,0.722222222,0,1,3.141592654,3.141592654
(21.14.0),0.722222222,0.777777778,0.00E+00,-4.08E-12,1.48E-12,-1.76E-09,0,0,0.722222222,0.777777778,0,0,3.141592654,3.141592654
(21.15.0),0.722222222,0.833333333,0.00E+00,-3.73E-12,1.40E-12,-1.38E-09,0,0,0.722222222,0.833333333,0,0,3.141592654,4.71238898
(21.16.0),0.722222222,0.888888889,0.00E+00,-2.94E-12,1.16E-12,-9.16E-10,0,0,0.722222222,0.888888889,0,0,3.141592654,3.141592654
(21.17.0),0.722222222,0.944444444,0.00E+00,-1.71E-12,4.88E-13,-4.52E-10,0,0,0.722222222,0.944444444,0,0,3.141592654,3.141592654
(21.18.0),0.722222222,1,0.00E+00,-3.85E-13,-6.47E-14,-9.04E-11,0,0,0.722222222,1,0,0,3.141592654,3.141592654
(22.0.0),0.777777778,0,0,0,0,0,0,0,0.777777778,0,0,0,1.570796327,1.570796327
(22.1.0),0.777777778,0.055555556,0.00E+00,-7.68E-14,-3.87E-13,-9.45E-11,0,0,0.777777778,0.055555556,0,0,1.570796327,3.141592654
(22.2.0),0.777777778,0.111111111,0.00E+00,0,0,0,0,0,0.777777778,0.111111111,0,0,1.570796327,3.141592654
(22.3.0),0.777777778,0.166666667,0.00E+00,-3.90E-13,7.74E-14,-9.51E-11,0,0,0.777777778,0.166666667,0,0,1.570796327,3.141592654
(22.4.0),0.777777778,0.222222222,0.00E+00,-2.06E-12,-1.04E-12,-6.36E-10,0,0,0.777777778,0.222222222,0,1,1.570796327,3.141592654
(22.5.0),0.777777778,0.277777778,0.00E+00,-3.47E-12,-2.01E-12,-1.41E-09,0,0,0.777777778,0.277777778,0,0,1.570796327,3.141592654
(22.6.0),0.777777778,0.333333333,0,-3.74E-12,-2.37E-12,-2.19E-09,0,0,0.777777778,0.333333333,0,0,1.570796327,3.141592654
(22.7.0),0.777777778,0.388888889,0,-3.17E-12,-2.23E-12,-2.80E-09,0,0,0.777777778,0.388888889,0,0,1.570796327,3.141592654
(22.8.0),0.777777778,0.444444444,0,-2.31E-12,-1.87E-12,-3.20E-09,0,0,0.777777778,0.444444444,0,0,1.570796327,3.141592654
(22.9.0),0.777777778,0.5,0.00E+00,-1.59E-12,-1.41E-12,-3.43E-09,0,0,0.777777778,0.5,0,0,1.570796327,3.141592654
(22.10.0),7.78E-01,0.555555556,0,-1.17E-12,-9.61E-13,-3.54E-09,0,0,0.777777778,0.555555556,0,0,1.570796327,3.141592654
(22.11.0),0.777777778,0.611111111,0,-9.40E-13,-4.69E-13,-3.59E-09,0,0,0.777777778,0.611111111,0,0,1.570796327,3.141592654
(22.12.0),0.777777778,0.666666667,0.00E+00,-9.03E-13,1.08E-14,-3.60E-09,0,0,0.777777778,0.666666667,0,0,1.570796327,3.141592654
(22.13.0),0.777777778,0.722222222,0.00E+00,-9.55E-13,4.93E-13,-3.59E-09,0,0,0.777777778,0.722222222,0,0,1.570796327,3.141592654
(22.14.0),0.777777778,0.777777778,0,-1.18E-12,9.39E-13,-3.54E-09,0,0,0.777777778,0.777777778,0,1,1.570796327,1.570796327
(22.15.0),0.777777778,0.833333333,0.00E+00,-1.61E-12,1.39E-12,-3.43E-09,0,0,0.777777778,0.833333333,0,0,3.141592654,3.141592654
(22.16.0),0.777777778,0.888888889,0.00E+00,-2.28E-12,1.84E-12,-3.20E-09,0,0,0.777777778,0.888888889,0,0,3.141592654,3.141592654
(22.17.0),0.777777778,0.944444444,0,-3.14E-12,2.28E-12,-2.80E-09,0,0,0.777777778,0.944444444,0,0,3.141592654,3.141592654
(22.18.0),0.777777778,1,0,-3.71E-12,2.38E-12,-2.19E-09,0,0,0.777777778,1,0,0,3.141592654,4.71238898
(23.0.0),0.833283333,0,0.00E+00,-3.48E-12,2.05E-12,-1.41E-09,0,0,0.833283333,0,0,0,3.141592654,3.141592654
(23.1.0),0.833283333,0.055555556,0.00E+00,-2.07E-12,1.05E-12,-6.36E-10,0,0,0.833283333,0.055555556,0,0,3.141592654,3.141592654
(23.2.0),0.833283333,0.111111111,0.00E+00,-3.92E-13,-7.41E-14,-9.51E-11,0,0,0.833283333,0.111111111,0,0,3.141592654,3.141592654
(23.3.0),0.833283333,0.166666667,0.00E+00,0,0,0,0,3,0.833283333,0.166666667,0,0,3.141592654,1.570796327
(23.4.0),0.833283333,0.222222222,0.00E+00,,,,0,2,0.833283333,0.222222222,0,0,3.141592654,3.141592654
(23.5.0),0.833283333,0.277777778,0.00E+00,,,,0,2,0.833283333,0.277777778,0,0,3.141592654,3.141592654
(23.6.0),0.833283333,0.333333333,0.00E+00,,,,0,2,0.833283333,0.333333333,0,0,3.141592654,3.141592654
(23.7.0),0.833283333,3.89E-01,0.00E+00,,,,0,2,0.833283333,0.388888889,0,0,3.141592654,3.141592654
(23.8.0),0.833283333,0.444444444,0,,,,0,2,0.833283333,0.444444444,0,0,3.141592654,3.141592654
(23.9.0),0.833283333,0.5,0,,,,0,2,0.833283333,0.5,0,0,3.141592654,3.141592654
(23.10.0),0.833283333,0.555555556,0,,,,0,2,0.833283333,0.555555556,0,0,3.141592654,1.570796327
(23.11.0),0.833283333,0.611111111,0.00E+00,,,,0,2,0.833283333,0.611111111,0,0,3.141592654,3.141592654
(23.12.0),0.833283333,0.666666667,0.00E+00,,,,0,2,0.833283333,0.666666667,0,0,3.141592654,3.141592654
(23.13.0),0.833283333,0.722222222,0.00E+00,,,,0,2,0.833283333,0.722222222,0,0,3.141592654,3.141592654
(23.14.0),0.833283333,0.777777778,0.00E+00,,,,0,2,0.833283333,0.777777778,0,0,3.141592654,4.71238898
(23.15.0),0.833283333,0.833333333,0.00E+00,,,,0,3,0.833283333,0.833333333,0,0,3.141592654,3.141592654
(23.16.0),0.833283333,0.888888889,0.00E+00,,,,0,0,0.833283333,0.888888889,0,0,3.141592654,3.141592654
(23.17.0),0.833283333,0.944444444,0.00E+00,,,,0,0,0.833283333,0.944444444,0,0,3.141592654,3.141592654
(23.18.0),0.833283333,1,0.00E+00,,,,0,0,0.833283333,1,0,0,3.141592654,1.570796327
(24.0.0),0.833333333,0,0.00E+00,,,,0,0,0.833333333,0,0,0,3.141592654,3.141592654
(24.1.0),0.833333333,0.055555556,0,,,,0,0,0.833333333,0.055555556,0,0,3.141592654,3.141592654
(24.2.0),0.833333333,0.111111111,0,,,,0,0,0.833333333,0.111111111,0,0,3.141592654,3.141592654
(24.3.0),0.833333333,0.166666667,0,,,,0,1,0.833333333,0.166666667,0,1,3.141592654,3.141592654
(24.4.0),0.833333333,0.222222222,0.00E+00,,,,0,1,0.833333333,0.222222222,0,0,3.141592654,3.141592654
(24.5.0),0.833333333,0.277777778,0.00E+00,,,,0,1,0.833333333,0.277777778,0,0,3.141592654,3.141592654
(24.6.0),0.833333333,0.333333333,0.00E+00,,,,0,1,0.833333333,0.333333333,0,0,3.141592654,3.141592654
(24.7.0),0.833333333,0.388888889,0,,,,0,1,0.833333333,0.388888889,0,0,3.141592654,3.141592654
(24.8.0),0.833333333,0.444444444,0,,,,0,1,0.833333333,0.444444444,0,0,3.141592654,3.141592654
(24.9.0),0.833333333,0.5,0.00E+00,,,,0,1,0.833333333,0.5,0,0,3.141592654,3.141592654
(24.10.0),0.833333333,0.555555556,0.00E+00,,,,0,1,0.833333333,0.555555556,0,0,3.141592654,3.141592654
(24.11.0),0.833333333,0.611111111,0.00E+00,,,,0,1,0.833333333,0.611111111,0,0,3.141592654,3.141592654
(24.12.0),0.833333333,0.666666667,0.00E+00,,,,0,1,0.833333333,0.666666667,0,0,3.141592654,3.141592654
(24.13.0),0.833333333,0.722222222,0.00E+00,,,,0,1,0.833333333,0.722222222,0,0,3.141592654,1.570796327
(24.14.0),0.833333333,0.777777778,0.00E+00,,,,0,1,0.833333333,0.777777778,0,0,3.141592654,3.141592654
(24.15.0),0.833333333,0.833333333,0.00E+00,,,,0,1,0.833333333,0.833333333,0,1,3.141592654,3.141592654
(24.16.0),0.833333333,0.888888889,0,,,,0,0,0.833333333,0.888888889,0,0,3.141592654,3.141592654
(24.17.0),0.833333333,0.944444444,0,,,,0,0,0.833333333,0.944444444,0,0,3.141592654,4.71238898
(24.18.0),0.833333333,1,0,,,,0,0,0.833333333,1,0,0,3.141592654,3.141592654
(25.0.0),0.833383333,0,0,,,,0,0,0.833383333,0,0,0,3.141592654,3.141592654
(25.1.0),0.833383333,0.055555556,0.00E+00,,,,0,0,0.833383333,0.055555556,0,0,3.141592654,3.141592654
(25.2.0),0.833383333,0.111111111,0.00E+00,,,,0,0,0.833383333,0.111111111,0,0,3.141592654,1.570796327
(25.3.0),0.833383333,0.166666667,0.00E+00,,,,0,3,0.833383333,0.166666667,0,0,3.141592654,3.141592654
(25.4.0),0.833383333,0.222222222,0,,,,0,2,0.833383333,0.222222222,0,0,3.141592654,3.141592654
(25.5.0),0.833383333,0.277777778,0,,,,0,2,0.833383333,0.277777778,0,0,3.141592654,3.141592654
(25.6.0),8.33E-01,3.33E-01,0,,,,0,2,0.833383333,0.333333333,0,0,3.141592654,3.141592654
(25.7.0),0.833383333,0.388888889,0,,,,0,2,0.833383333,0.388888889,0,0,3.141592654,3.141592654
(25.8.0),0.833383333,0.444444444,0,,,,0,2,0.833383333,0.444444444,0,0,3.141592654,3.141592654
(25.9.0),0.833383333,0.5,0,,,,0,2,0.833383333,0.5,0,0,3.141592654,1.570796327
(25.10.0),0.833383333,0.555555556,0,,,,0,2,0.833383333,0.555555556,0,0,3.141592654,3.141592654
(25.11.0),0.833383333,0.611111111,0.00E+00,,,,0,2,0.833383333,0.611111111,0,0,3.141592654,3.141592654
(25.12.0),0.833383333,0.666666667,0,,,,0,2,0.833383333,0.666666667,0,0,3.141592654,3.141592654
(25.13.0),0.833383333,0.722222222,0,,,,0,2,0.833383333,0.722222222,0,0,3.141592654,4.71238898
(25.14.0),0.833383333,0.777777778,0,,,,0,2,0.833383333,0.777777778,0,0,3.141592654,3.141592654
(25.15.0),0.833383333,0.833333333,0,,,,0,3,0.833383333,0.833333333,0,0,3.141592654,3.141592654
(25.16.0),0.833383333,0.888888889,0.00E+00,,,,0,0,0.833383333,0.888888889,0,0,3.141592654,3.141592654
(25.17.0),0.833383333,0.944444444,0.00E+00,,,,0,0,0.833383333,0.944444444,0,0,3.141592654,1.570796327
(25.18.0),0.833383333,1,0.00E+00,,,,0,0,0.833383333,1,0,0,3.141592654,3.141592654
(26.0.0),0.888888889,0,0,,,,0,0,0.888888889,0,0,0,3.141592654,3.141592654
(26.1.0),0.888888889,0.055555556,0.00E+00,,,,0,0,0.888888889,0.055555556,0,0,3.141592654,3.141592654
(26.2.0),0.888888889,0.111111111,0.00E+00,,,,0,0,0.888888889,0.111111111,0,1,3.141592654,3.141592654
(26.3.0),0.888888889,0.166666667,0.00E+00,,,,0,0,0.888888889,0.166666667,0,0,3.141592654,3.141592654
(26.4.0),0.888888889,0.222222222,0,,,,0,0,0.888888889,0.222222222,0,0,3.141592654,3.141592654
(26.5.0),0.888888889,0.277777778,0,,,,0,0,0.888888889,0.277777778,0,0,3.141592654,3.141592654
(26.6.0),0.888888889,0.333333333,0,,,,0,0,0.888888889,0.333333333,0,0,3.141592654,3.141592654
(26.7.0),0.888888889,0.388888889,0.00E+00,,,,0,0,0.888888889,0.388888889,0,0,3.141592654,3.141592654
(26.8.0),0.888888889,0.444444444,0.00E+00,,,,0,0,0.888888889,0.444444444,0,0,3.141592654,3.141592654
(26.9.0),0.888888889,0.5,0.00E+00,,,,0,0,0.888888889,0.5,0,0,3.141592654,3.141592654
(26.10.0),0.888888889,0.555555556,0,,,,0,0,0.888888889,0.555555556,0,0,3.141592654,3.141592654
(26.11.0),0.888888889,0.611111111,0.00E+00,,,,0,0,0.888888889,0.611111111,0,0,3.141592654,3.141592654
(26.12.0),0.888888889,0.666666667,0.00E+00,,,,0,0,0.888888889,0.666666667,0,0,3.141592654,1.570796327
(26.13.0),0.888888889,0.722222222,0.00E+00,,,,0,0,0.888888889,0.722222222,0,0,3.141592654,3.141592654
(26.14.0),0.888888889,0.777777778,0,,,,0,0,0.888888889,0.777777778,0,0,3.141592654,3.141592654
(26.15.0),0.888888889,0.833333333,0,,,,0,0,0.888888889,0.833333333,0,0,3.141592654,3.141592654
(26.16.0),0.888888889,0.888888889,0,,,,0,0,0.888888889,0.888888889,0,1,3.141592654,4.71238898
(26.17.0),0.888888889,0.944444444,0,,,,0,0,0.888888889,0.944444444,0,0,3.141592654,3.141592654
(26.18.0),0.888888889,1,0,,,,0,0,0.888888889,1,0,0,3.141592654,3.141592654
(27.0.0),0.944444444,0,0.00E+00,,,,0,0,0.944444444,0,0,0,3.141592654,3.141592654
(27.1.0),0.944444444,0.055555556,0.00E+00,,,,0,0,0.944444444,0.055555556,0,1,3.141592654,1.570796327
(27.2.0),0.944444444,0.111111111,0.00E+00,,,,0,0,0.944444444,0.111111111,0,0,3.141592654,3.141592654
(27.3.0),0.944444444,0.166666667,0,,,,0,0,0.944444444,0.166666667,0,0,3.141592654,3.141592654
(27.4.0),0.944444444,0.222222222,0,,,,0,0,0.944444444,0.222222222,0,0,3.141592654,3.141592654
(27.5.0),9.44E-01,2.78E-01,0,,,,0,0,0.944444444,0.277777778,0,0,3.141592654,3.141592654
(27.6.0),0.944444444,0.333333333,0,,,,0,0,0.944444444,0.333333333,0,0,3.141592654,3.141592654
(27.7.0),0.944444444,0.388888889,0,,,,0,0,0.944444444,0.388888889,0,0,3.141592654,3.141592654
(27.8.0),0.944444444,0.444444444,0,,,,0,0,0.944444444,0.444444444,0,0,3.141592654,1.570796327
(27.9.0),0.944444444,0.5,0,,,,0,0,0.944444444,0.5,0,0,3.141592654,3.141592654
(27.10.0),0.944444444,0.555555556,0.00E+00,,,,0,0,0.944444444,0.555555556,0,0,3.141592654,3.141592654
(27.11.0),0.944444444,0.611111111,0,,,,0,0,0.944444444,0.611111111,0,0,3.141592654,3.141592654
(27.12.0),0.944444444,0.666666667,0,,,,0,0,0.944444444,0.666666667,0,0,3.141592654,4.71238898
(27.13.0),0.944444444,0.722222222,0,,,,0,0,0.944444444,0.722222222,0,0,3.141592654,3.141592654
(27.14.0),0.944444444,0.777777778,0,,,,0,0,0.944444444,0.777777778,0,0,3.141592654,3.141592654
(27.15.0),0.944444444,0.833333333,0.00E+00,,,,0,0,0.944444444,0.833333333,0,0,3.141592654,3.141592654
(27.16.0),0.944444444,0.888888889,0.00E+00,,,,0,0,0.944444444,0.888888889,0,0,3.141592654,1.570796327
(27.17.0),0.944444444,0.944444444,0.00E+00,,,,0,0,0.944444444,0.944444444,0,1,3.141592654,3.141592654
(27.18.0),0.944444444,1,0.00E+00,,,,0,0,0.944444444,1,0,0,3.141592654,3.141592654
(28.0.0),1,0,0.00E+00,,,,0,0,1,0,0,1,3.141592654,3.141592654
(28.1.0),1,0.055555556,0.00E+00,,,,0,0,1,0.055555556,0,0,3.141592654,3.141592654
(28.2.0),1,0.111111111,0.00E+00,,,,0,0,1,0.111111111,0,0,3.141592654,3.141592654
(28.3.0),1,0.166666667,0.00E+00,,,,0,0,1,0.166666667,0,0,3.141592654,3.141592654
(28.4.0),1,0.222222222,0,,,,0,0,1,0.222222222,0,0,3.141592654,3.141592654
(28.5.0),1,0.277777778,0.00E+00,,,,0,0,1,0.277777778,0,0,3.141592654,3.141592654
(28.6.0),1,0.333333333,0.00E+00,,,,0,0,1,0.333333333,0,0,3.141592654,3.141592654
(28.7.0),1,0.388888889,0.00E+00,,,,0,0,1,0.388888889,0,0,3.141592654,3.141592654
(28.8.0),1,0.444444444,0.00E+00,,,,0,0,1,0.444444444,0,0,3.141592654,3.141592654
(28.9.0),1,0.5,0.00E+00,,,,0,0,1,0.5,0,0,3.141592654,3.141592654
(28.10.0),1,0.555555556,0,,,,0,0,1,0.555555556,0,0,3.141592654,3.141592654
(28.11.0),1,0.611111111,0,,,,0,0,1,0.611111111,0,0,3.141592654,1.570796327
(28.12.0),1,0.666666667,0,,,,0,0,1,0.666666667,0,0,3.141592654,3.141592654
(28.13.0),1,0.722222222,0,,,,0,0,1,0.722222222,0,0,3.141592654,3.141592654
(28.14.0),1,0.777777778,0,,,,0,0,1,0.777777778,0,0,3.141592654,3.141592654
(28.15.0),1,0.833333333,0,,,,0,0,1,0.833333333,0,0,3.141592654,4.71238898
(28.16.0),1,0.888888889,0,,,,0,0,1,0.888888889,0,0,3.141592654,3.141592654
(28.17.0),1,0.944444444,0,,,,0,0,1,0.944444444,0,0,3.141592654,3.141592654
(28.18.0),1,1,0.00E+00,,,,0,0,1,1,0,1,3.141592654,3.141592654
